sludinajuma_saite,bilde
/msg/lv/transport/cars/volkswagen/passat-b6/nkjnn.html,https://i.ss.lv/gallery/6/1175/293683/58736439.th2.jpg
/msg/lv/transport/cars/renault/talisman/cxkghd.html,https://i.ss.lv/gallery/6/1133/283041/56608037.th2.jpg
/msg/lv/transport/cars/volvo/s60/bcehg.html,https://i.ss.lv/gallery/6/1159/289632/57926265.th2.jpg
/msg/lv/transport/cars/audi/a4/bhmjk.html,https://i.ss.lv/gallery/6/1175/293682/58736357.th2.jpg
/msg/lv/transport/cars/bmw/420/bopjfg.html,https://i.ss.lv/gallery/6/1134/283422/56684231.th2.jpg
/msg/lv/transport/cars/opel/tigra/epodg.html,https://i.ss.lv/gallery/6/1175/293678/58735576.th2.jpg
/msg/lv/transport/cars/bmw/320/dgphx.html,https://i.ss.lv/gallery/6/1175/293681/58736001.th2.jpg
/msg/lv/transport/cars/volkswagen/passat-b7/bgmepb.html,https://i.ss.lv/gallery/6/1118/279451/55890087.th2.jpg
/msg/lv/transport/cars/renault/trafic/bigece.html,https://i.ss.lv/gallery/6/1175/293681/58736124.th2.jpg
/msg/lv/transport/cars/hyundai/another/ccchgl.html,https://i.ss.lv/gallery/6/1175/293681/58736065.th2.jpg
/msg/lv/transport/cars/chevrolet/captiva/bghnee.html,https://i.ss.lv/gallery/6/1163/290689/58137668.th2.jpg
/msg/lv/transport/cars/volvo/xc90/bnefex.html,https://i.ss.lv/gallery/6/1127/281579/56315603.th2.jpg
/msg/lv/transport/cars/volvo/v70/afekm.html,https://i.ss.lv/gallery/6/1171/292616/58523021.th2.jpg
/msg/lv/transport/cars/audi/a3/blxbl.html,https://i.ss.lv/gallery/6/1175/293681/58736018.th2.jpg
/msg/lv/transport/cars/opel/vivaro/aiphl.html,https://i.ss.lv/gallery/6/1118/279498/55899464.th2.jpg
/msg/lv/transport/cars/renault/trafic/bjpdfn.html,https://i.ss.lv/gallery/6/1175/293679/58735743.th2.jpg
/msg/lv/transport/cars/subaru/impreza/biljp.html,https://i.ss.lv/gallery/6/1158/289332/57866381.th2.jpg
/msg/lv/transport/cars/audi/a1/bbmhxp.html,https://i.ss.lv/gallery/6/1134/283414/56682781.th2.jpg
/msg/lv/transport/cars/hummer/h2/clgnd.html,https://i.ss.lv/gallery/6/1175/293681/58736033.th2.jpg
/msg/lv/transport/cars/bmw/118/bpogmp.html,https://i.ss.lv/gallery/6/1170/292409/58481647.th2.jpg
/msg/lv/transport/cars/toyota/corolla/cmnfx.html,https://i.ss.lv/gallery/6/1175/293681/58736047.th2.jpg
/msg/lv/transport/cars/volkswagen/sharan/beeob.html,https://i.ss.lv/gallery/6/1164/290816/58163065.th2.jpg
/msg/lv/transport/cars/chrysler/town-country/cjinn.html,https://i.ss.lv/gallery/6/1175/293680/58735972.th2.jpg
/msg/lv/transport/cars/volvo/xc90/bimgml.html,https://i.ss.lv/gallery/6/1175/293680/58735878.th2.jpg
/msg/lv/transport/cars/volkswagen/passat-b6/bcdlkk.html,https://i.ss.lv/gallery/6/1175/293680/58735896.th2.jpg
/msg/lv/transport/cars/bmw/530/beebod.html,https://i.ss.lv/gallery/6/1173/293032/58606294.th2.jpg
/msg/lv/transport/cars/bmw/320/anpgd.html,https://i.ss.lv/gallery/6/1175/293680/58735841.th2.jpg
/msg/lv/transport/cars/audi/a3/dbmik.html,https://i.ss.lv/gallery/6/1170/292469/58493658.th2.jpg
/msg/lv/transport/cars/volkswagen/caddy/bdflgx.html,https://i.ss.lv/gallery/6/1137/284227/56845306.th2.jpg
/msg/lv/transport/cars/hyundai/santa-fe/cgcih.html,https://i.ss.lv/gallery/6/1175/293680/58735827.th2.jpg
/msg/lv/transport/cars/electric-cars/cxmipb.html,https://i.ss.lv/gallery/6/1111/277510/55501983.th2.jpg
/msg/lv/transport/cars/toyota/avensis/biklg.html,https://i.ss.lv/gallery/6/1175/293679/58735769.th2.jpg
/msg/lv/transport/cars/volkswagen/caddy/bckocm.html,https://i.ss.lv/gallery/6/1168/291877/58375212.th2.jpg
/msg/lv/transport/cars/audi/a4/cpipx.html,https://i.ss.lv/gallery/6/1175/293673/58734578.th2.jpg
/msg/lv/transport/cars/land-rover/discovery/bkhieg.html,https://i.ss.lv/gallery/6/1142/285268/57053479.th2.jpg
/msg/lv/transport/cars/bmw/530/colcm.html,https://i.ss.lv/gallery/6/1175/293679/58735779.th2.jpg
/msg/lv/transport/cars/audi/a6/bfmfn.html,https://i.ss.lv/gallery/6/1175/293679/58735788.th2.jpg
/msg/lv/transport/cars/opel/insignia/bpcnpd.html,https://i.ss.lv/gallery/6/1175/293679/58735763.th2.jpg
/msg/lv/transport/cars/mercedes/c220/empcc.html,https://i.ss.lv/gallery/6/1143/285694/57138710.th2.jpg
/msg/lv/transport/cars/bmw/320/ejknd.html,https://i.ss.lv/gallery/6/1173/293039/58607788.th2.jpg
/msg/lv/transport/cars/volvo/v40/bnhkj.html,https://i.ss.lv/gallery/6/1146/286497/57299283.th2.jpg
/msg/lv/transport/cars/volvo/xc90/becbjo.html,https://i.ss.lv/gallery/6/1175/293679/58735673.th2.jpg
/msg/lv/transport/cars/mercedes/sprinter/bxhobf.html,https://i.ss.lv/gallery/6/1076/268801/53760174.th2.jpg
/msg/lv/transport/cars/nissan/patrol/fgepl.html,https://i.ss.lv/gallery/6/1146/286461/57292141.th2.jpg
/msg/lv/transport/cars/skoda/octavia/bckekm.html,https://i.ss.lv/gallery/6/1163/290518/58103428.th2.jpg
/msg/lv/transport/cars/volvo/xc70/bdmche.html,https://i.ss.lv/gallery/6/1127/281642/56328252.th2.jpg
/msg/lv/transport/cars/mercedes/ml280/ccxxcf.html,https://i.ss.lv/gallery/6/1143/285681/57136159.th2.jpg
/msg/lv/transport/cars/chevrolet/captiva/cxddoh.html,https://i.ss.lv/gallery/6/1175/293678/58735586.th2.jpg
/msg/lv/transport/cars/opel/crossland-x/cbiilc.html,https://i.ss.lv/gallery/6/1175/293679/58735634.th2.jpg
/msg/lv/transport/cars/jaguar/xf/bmllpx.html,https://i.ss.lv/gallery/6/1142/285254/57050685.th2.jpg
/msg/lv/transport/cars/volvo/v50/pjoel.html,https://i.ss.lv/gallery/6/1144/285816/57163084.th2.jpg
/msg/lv/transport/cars/renault/kangoo/pmkok.html,https://i.ss.lv/gallery/6/1175/293678/58735555.th2.jpg
/msg/lv/transport/cars/volkswagen/jetta/dofkp.html,https://i.ss.lv/gallery/6/1162/290378/58075557.th2.jpg
/msg/lv/transport/cars/land-rover/discovery/egkpd.html,https://i.ss.lv/gallery/6/1163/290522/58104216.th2.jpg
/msg/lv/transport/cars/volvo/xc60/cxgpdn.html,https://i.ss.lv/gallery/6/1174/293431/58686073.th2.jpg
/msg/lv/transport/cars/volvo/xc60/bpmenx.html,https://i.ss.lv/gallery/6/1170/292355/58470919.th2.jpg
/msg/lv/transport/cars/volvo/xc60/cbffxp.html,https://i.ss.lv/gallery/6/1175/293678/58735489.th2.jpg
/msg/lv/transport/cars/bmw/118/bbficg.html,https://i.ss.lv/gallery/6/1162/290393/58078506.th2.jpg
/msg/lv/transport/cars/volkswagen/golf-plus/bnxfhh.html,https://i.ss.lv/gallery/6/1101/275206/55041158.th2.jpg
/msg/lv/transport/cars/volvo/v50/blfggd.html,https://i.ss.lv/gallery/6/1141/285185/57036970.th2.jpg
/msg/lv/transport/cars/bmw/520/admfx.html,https://i.ss.lv/gallery/6/1175/293575/58714944.th2.jpg
/msg/lv/transport/cars/hyundai/ix35/bfojgk.html,https://i.ss.lv/gallery/6/1127/281662/56332267.th2.jpg
/msg/lv/transport/cars/opel/insignia/bpcdcb.html,https://i.ss.lv/gallery/6/1166/291433/58286416.th2.jpg
/msg/lv/transport/cars/peugeot/partner/bbedcp.html,https://i.ss.lv/gallery/6/1167/291611/58322086.th2.jpg
/msg/lv/transport/cars/opel/meriva/bcmcol.html,https://i.ss.lv/gallery/6/1137/284118/56823568.th2.jpg
/msg/lv/transport/cars/toyota/rav-4/gcxxk.html,https://i.ss.lv/gallery/6/1173/293209/58641651.th2.jpg
/msg/lv/transport/cars/peugeot/partner/bbcxpf.html,https://i.ss.lv/gallery/6/1175/293677/58735359.th2.jpg
/msg/lv/transport/cars/bmw/330/bgmlxi.html,https://i.ss.lv/gallery/6/1149/287239/57447601.th2.jpg
/msg/lv/transport/cars/volvo/s40/ggede.html,https://i.ss.lv/gallery/6/1164/290892/58178340.th2.jpg
/msg/lv/transport/cars/volkswagen/amarok/cbimxp.html,https://i.ss.lv/gallery/6/1175/293677/58735332.th2.jpg
/msg/lv/transport/cars/peugeot/308/bmlenj.html,https://i.ss.lv/gallery/6/1162/290273/58054447.th2.jpg
/msg/lv/transport/cars/audi/quattro/bixhd.html,https://i.ss.lv/gallery/6/1160/289989/57997702.th2.jpg
/msg/lv/transport/cars/seat/leon/bximkl.html,https://i.ss.lv/gallery/6/1175/293677/58735286.th2.jpg
/msg/lv/transport/cars/volvo/v50/becedj.html,https://i.ss.lv/gallery/6/1175/293664/58732733.th2.jpg
/msg/lv/transport/cars/opel/kadet/dgogc.html,https://i.ss.lv/gallery/6/1166/291392/58278242.th2.jpg
/msg/lv/transport/cars/mini/countryman/cxfnbj.html,https://i.ss.lv/gallery/6/1100/274901/54980039.th2.jpg
/msg/lv/transport/cars/electric-cars/cbpdkp.html,https://i.ss.lv/gallery/6/1128/281979/56395790.th2.jpg
/msg/lv/transport/cars/seat/leon/cxxieb.html,https://i.ss.lv/gallery/6/1175/293676/58735139.th2.jpg
/msg/lv/transport/cars/kia/sportage/bifbxn.html,https://i.ss.lv/gallery/6/1150/287432/57486388.th2.jpg
/msg/lv/transport/cars/audi/e-tron/cxolxo.html,https://i.ss.lv/gallery/6/1139/284605/56920938.th2.jpg
/msg/lv/transport/cars/lexus/nx/ccbfxj.html,https://i.ss.lv/gallery/6/1161/290218/58043462.th2.jpg
/msg/lv/transport/cars/peugeot/bipper/cbplgh.html,https://i.ss.lv/gallery/6/1138/284305/56860964.th2.jpg
/msg/lv/transport/cars/volvo/v60/bmxeek.html,https://i.ss.lv/gallery/6/1175/293676/58735085.th2.jpg
/msg/lv/transport/cars/nissan/note/iigfn.html,https://i.ss.lv/gallery/6/1162/290492/58098284.th2.jpg
/msg/lv/transport/cars/audi/a4/bchpfx.html,https://i.ss.lv/gallery/6/1172/292921/58584073.th2.jpg
/msg/lv/transport/cars/volkswagen/caddy/hefnk.html,https://i.ss.lv/gallery/6/1043/260728/52145496.th2.jpg
/msg/lv/transport/cars/renault/kangoo/bncmk.html,https://i.ss.lv/gallery/6/1064/265813/53162418.th2.jpg
/msg/lv/transport/cars/toyota/corolla/acnoi.html,https://i.ss.lv/gallery/6/1151/287697/57539387.th2.jpg
/msg/lv/transport/cars/nissan/qashqai/npnlf.html,https://i.ss.lv/gallery/6/1175/293676/58735014.th2.jpg
/msg/lv/transport/cars/mercedes/e250/bnphh.html,https://i.ss.lv/gallery/6/1146/286475/57294817.th2.jpg
/msg/lv/transport/cars/toyota/proace/bpfloi.html,https://i.ss.lv/gallery/6/1163/290732/58146359.th2.jpg
/msg/lv/transport/cars/audi/a3/bjmdfo.html,https://i.ss.lv/gallery/6/1152/287980/57595982.th2.jpg
/msg/lv/transport/cars/audi/a4/gdjkj.html,https://i.ss.lv/gallery/6/1154/288442/57688374.th2.jpg
/msg/lv/transport/cars/bmw/x5/bdnggj.html,https://i.ss.lv/gallery/6/1118/279476/55895168.th2.jpg
/msg/lv/transport/cars/mini/cooper/behndi.html,https://i.ss.lv/gallery/6/1021/255224/51044762.th2.jpg
/msg/lv/transport/cars/mercedes/clk200/digfb.html,https://i.ss.lv/gallery/6/1175/293590/58717963.th2.jpg
/msg/lv/transport/cars/volvo/v60/ccxxbp.html,https://i.ss.lv/gallery/6/1170/292379/58475640.th2.jpg
/msg/lv/transport/cars/toyota/auris/bxebfb.html,https://i.ss.lv/gallery/6/1175/293567/58713395.th2.jpg
/msg/lv/transport/cars/audi/s4/gclkf.html,https://i.ss.lv/gallery/6/1157/289047/57809334.th2.jpg
/msg/lv/transport/cars/mercedes/e220/apino.html,https://i.ss.lv/gallery/6/1175/293675/58734864.th2.jpg
/msg/lv/transport/cars/ford/transit/dpmoj.html,https://i.ss.lv/gallery/6/1161/290195/58038831.th2.jpg
/msg/lv/transport/cars/nissan/x-trail/bxpgbg.html,https://i.ss.lv/gallery/6/1168/291806/58361006.th2.jpg
/msg/lv/transport/cars/porsche/cayenne/bdhxx.html,https://i.ss.lv/gallery/6/1175/293674/58734748.th2.jpg
/msg/lv/transport/cars/audi/a6/emiie.html,https://i.ss.lv/gallery/6/1175/293668/58733498.th2.jpg
/msg/lv/transport/cars/volvo/v70/bddncb.html,https://i.ss.lv/gallery/6/1159/289568/57913448.th2.jpg
/msg/lv/transport/cars/bmw/118/bmmjcx.html,https://i.ss.lv/gallery/6/1168/291905/58380932.th2.jpg
/msg/lv/transport/cars/skoda/fabia/bhbpp.html,https://i.ss.lv/gallery/6/1018/254474/50894633.th2.jpg
/msg/lv/transport/cars/bmw/x1/cbhgpl.html,https://i.ss.lv/gallery/6/1021/255114/51022748.th2.jpg
/msg/lv/transport/cars/toyota/yaris/cbplie.html,https://i.ss.lv/gallery/6/1138/284353/56870468.th2.jpg
/msg/lv/transport/cars/renault/megane/hgdlf.html,https://i.ss.lv/gallery/6/1029/257046/51409062.th2.jpg
/msg/lv/transport/cars/mini/one/bmbhhi.html,https://i.ss.lv/gallery/5/950/237414/47482692.th2.jpg
/msg/lv/transport/cars/ford/transit/bkcgx.html,https://i.ss.lv/gallery/6/1026/256497/51299324.th2.jpg
/msg/lv/transport/cars/renault/megane/dcefi.html,https://i.ss.lv/gallery/6/1028/256948/51389537.th2.jpg
/msg/lv/transport/cars/bmw/318/amofg.html,https://i.ss.lv/gallery/6/1133/283067/56613229.th2.jpg
/msg/lv/transport/cars/opel/astra/bpmpk.html,https://i.ss.lv/gallery/6/1175/293675/58734819.th2.jpg
/msg/lv/transport/cars/bmw/525/fjinp.html,https://i.ss.lv/gallery/6/1170/292353/58470477.th2.jpg
/msg/lv/transport/cars/lexus/rx/elmmd.html,https://i.ss.lv/gallery/6/1124/280865/56172866.th2.jpg
/msg/lv/transport/cars/bmw/316/ffmob.html,https://i.ss.lv/gallery/6/1167/291722/58344227.th2.jpg
/msg/lv/transport/cars/mazda/cx-7/kcbhl.html,https://i.ss.lv/gallery/6/1081/270132/54026352.th2.jpg
/msg/lv/transport/cars/peugeot/2008/bofgdi.html,https://i.ss.lv/gallery/6/1167/291642/58328268.th2.jpg
/msg/lv/transport/cars/volvo/s80/cdxem.html,https://i.ss.lv/gallery/6/1175/293673/58734509.th2.jpg
/msg/lv/transport/cars/bmw/530/bncpe.html,https://i.ss.lv/gallery/6/1165/291105/58220956.th2.jpg
/msg/lv/transport/cars/volkswagen/tiguan/oojll.html,https://i.ss.lv/gallery/6/1163/290734/58146683.th2.jpg
/msg/lv/transport/cars/honda/civic/djgep.html,https://i.ss.lv/gallery/6/1163/290726/58145134.th2.jpg
/msg/lv/transport/cars/land-rover/range-rover-sport/blclfb.html,https://i.ss.lv/gallery/6/1169/292151/58430188.th2.jpg
/msg/lv/transport/cars/mazda/mazda6/gdkjo.html,https://i.ss.lv/gallery/6/1175/293674/58734665.th2.jpg
/msg/lv/transport/cars/volkswagen/passat-b8/bmcfnd.html,https://i.ss.lv/gallery/6/1170/292271/58454166.th2.jpg
/msg/lv/transport/cars/audi/a4/bdoxo.html,https://i.ss.lv/gallery/6/1110/277263/55452411.th2.jpg
/msg/lv/transport/cars/toyota/corolla/bkjldp.html,https://i.ss.lv/gallery/6/1154/288373/57674539.th2.jpg
/msg/lv/transport/cars/bmw/530/bkopnk.html,https://i.ss.lv/gallery/6/1160/289863/57972420.th2.jpg
/msg/lv/transport/cars/bmw/530/ekxxf.html,https://i.ss.lv/gallery/6/1133/283201/56640143.th2.jpg
/msg/lv/transport/cars/bmw/x5/bldhlg.html,https://i.ss.lv/gallery/6/1175/293674/58734633.th2.jpg
/msg/lv/transport/cars/citroen/berlingo/bbbbcf.html,https://i.ss.lv/gallery/6/1175/293674/58734624.th2.jpg
/msg/lv/transport/cars/bmw/x3/bebgxn.html,https://i.ss.lv/gallery/6/1162/290481/58096086.th2.jpg
/msg/lv/transport/cars/ford/fiesta/cbdgl.html,https://i.ss.lv/gallery/6/1175/293671/58734138.th2.jpg
/msg/lv/transport/cars/bmw/x1/cbmdxc.html,https://i.ss.lv/gallery/6/1136/283996/56799022.th2.jpg
/msg/lv/transport/cars/citroen/berlingo/adgep.html,https://i.ss.lv/gallery/6/1175/293674/58734602.th2.jpg
/msg/lv/transport/cars/opel/antara/celof.html,https://i.ss.lv/gallery/6/1175/293673/58734547.th2.jpg
/msg/lv/transport/cars/toyota/avensis/acmgp.html,https://i.ss.lv/gallery/6/1175/293673/58734531.th2.jpg
/msg/lv/transport/cars/skoda/octavia/iixpm.html,https://i.ss.lv/gallery/6/1160/289870/57973974.th2.jpg
/msg/lv/transport/cars/volkswagen/taigo/cbhofk.html,https://i.ss.lv/gallery/6/1108/276822/55364327.th2.jpg
/msg/lv/transport/cars/volkswagen/t-cross/cxfhmp.html,https://i.ss.lv/gallery/6/1106/276339/55267649.th2.jpg
/msg/lv/transport/cars/citroen/berlingo/ehbnc.html,https://i.ss.lv/gallery/6/1175/293672/58734340.th2.jpg
/msg/lv/transport/cars/volkswagen/caddy/aphon.html,https://i.ss.lv/gallery/6/1175/293672/58734368.th2.jpg
/msg/lv/transport/cars/ford/ranger/dilko.html,https://i.ss.lv/gallery/6/1175/293663/58732568.th2.jpg
/msg/lv/transport/cars/volkswagen/t-cross/cxlbni.html,https://i.ss.lv/gallery/6/1156/288977/57795247.th2.jpg
/msg/lv/transport/cars/volkswagen/tiguan/mpmox.html,https://i.ss.lv/gallery/6/1175/293666/58733178.th2.jpg
/msg/lv/transport/cars/opel/zafira/bhjxk.html,https://i.ss.lv/gallery/6/1174/293309/58661715.th2.jpg
/msg/lv/transport/cars/renault/talisman/cxojhm.html,https://i.ss.lv/gallery/6/1152/287813/57562438.th2.jpg
/msg/lv/transport/cars/bmw/x6/echmn.html,https://i.ss.lv/gallery/6/1175/293652/58730329.th2.jpg
